"block","r","obs","lo","hi"
0,0,0,0,0
0,24,312.450529599685,-1.89467201585609,1.8895801289543
0,48,424.046361370101,-2.69587954309272,0.14577072520327
0,72,498.181054105195,-2.77655208600157,1.53288982885981
0,96,552.096692460479,-1.89656419939557,1.83977620949041
0,120,593.569415078462,-2.26899193338856,1.73976434569974
0,144,621.660300753807,-3.1818975394244,1.52772941826288
0,168,641.91828169622,-2.73735717466016,1.85044324204713
0,192,657.896152441186,-3.00274867378241,1.70454284856149
0,216,668.436504175521,-2.91235245676714,2.14640057802052
0,240,672.859969489099,-2.75388603596673,1.99719888666826
0,264,674.185074993785,-3.55090140110383,1.76234060356751
0,288,672.961382088997,-3.26493093236172,2.19836170587797
0,312,669.860079718595,-3.28544812756587,2.36892818308019
0,336,666.288647337547,-3.27949723789771,2.53267747915032
0,360,663.177591101213,-3.35263466495888,2.49886911831101
0,384,661.00238439709,-3.4192746087981,2.67630980237806
0,408,659.253092457383,-3.6791572507438,2.87728006541676
0,432,658.381076127366,-3.62646927493836,2.88010273024861
0,456,655.396909993997,-4.24010313799556,3.14034805472681
0,480,652.99408480792,-4.68186696627151,3.35299365889659
0,504,651.070350971083,-4.48479118253573,3.59693900313266
0,528,648.529311049821,-4.83819805995506,3.50345687945673
0,552,645.341094383163,-4.99712684948963,3.69505806633015
0,576,641.70994614376,-5.42893699120145,3.79239218702014
0,600,638.550198638325,-5.57044996322657,4.3860874403
0,624,635.341154371544,-5.58865145648895,3.9733189768491
0,648,630.857297290564,-5.78824990427267,3.78006188742381
0,672,626.252112727491,-5.30661970256836,4.10443039131007
0,696,622.572352610195,-5.28236355844604,4.57112228426297
0,720,621.289794433772,-5.67559150673719,4.8986072513552
0,744,620.237047724254,-5.84938888999704,5.57841074878002
0,768,618.05320069842,-5.60327324509058,6.03738010773918
0,792,615.119336724908,-5.71055029022818,5.93632009913097
0,816,612.924331976965,-5.8097328397198,5.98042690322688
0,840,609.967489824768,-5.75976655116108,5.92526038210474
0,864,607.528492472459,-5.9750102373614,5.84255668850346
0,888,606.310111654658,-5.77778127032491,5.92971061250421
0,912,604.405684023044,-6.03440463510981,5.94357797434407
0,936,602.133138032107,-6.42564646294329,6.02814767080997
0,960,600.497384837181,-6.37446506676633,6.06400579765352
0,984,599.710748171569,-6.45338712482658,6.07114602977049
0,1008,597.533991395595,-6.52967945441571,6.3118535192624
0,1032,594.088414993241,-6.55730859021855,6.46245319191826
0,1056,591.161794053268,-6.87627892310616,6.43248676681787
0,1080,588.176749319745,-6.9099517253494,6.73078756531231
0,1104,585.401406938201,-7.00053039409863,6.78619192872065
0,1128,582.777281593413,-7.38877216592277,6.78917336346831
0,1152,581.084208819119,-7.469573978987,6.85173378860986
0,1176,580.197719168752,-7.79871940532871,7.19011285865326
0,1200,579.376910027996,-8.11545415198088,6.9931348613045
0,1224,577.551399971061,-8.15137360701488,7.2253625243211
0,1248,574.720251183573,-8.27739074903229,7.59056140971393
0,1272,572.356087666811,-8.48481401586901,7.97976112185393
0,1296,570.347022349124,-8.66599712539278,8.18404912007713
0,1320,569.526509370023,-9.14108875190072,7.9446198813016
0,1344,568.195978663111,-9.65502424104852,7.85708648092395
0,1368,566.646082197261,-9.45472492415797,8.01774684763291
0,1392,564.6763958741,-9.47987446777279,8.27300220389952
0,1416,562.711068639203,-9.45179018377553,8.46005201681305
0,1440,561.03291159221,-9.56167332583027,8.15678478731934
0,1464,560.142319741285,-9.63876360037375,8.15279499378221
0,1488,560.460764417776,-9.33483560558466,8.14561622446649
0,1512,562.29847310982,-9.82551418781736,8.4652937200724
0,1536,565.223633110383,-9.93736534658137,8.38358243731227
0,1560,567.096005971086,-10.2329759429024,8.60096025404187
0,1584,568.09410254248,-10.6857005426614,8.30683464216418
0,1608,568.578220191912,-10.8904341905184,8.55049213798111
0,1632,569.692521019268,-11.1794545621174,8.44508870242225
0,1656,570.926349036832,-11.3326471888329,8.78094209366623
0,1680,571.748719306337,-11.3389720718137,9.03802064807519
0,1704,572.326756186248,-11.2419518219617,9.30622037342005
0,1728,572.358646839516,-11.4196041767329,9.35866963185526
0,1752,571.261018642969,-11.5439653941901,9.68042195869202
0,1776,570.016482132115,-11.8589954312267,9.93349231469506
0,1800,568.276478406026,-11.7251744762229,10.2268635431221
0,1824,566.110468749368,-11.9382986575329,9.93168696875955
0,1848,562.824220713432,-12.1261583106184,10.2285592248681
0,1872,559.112309407417,-12.2661471041692,10.1158658633012
0,1896,556.625597007714,-12.9435027294248,10.1689881750074
0,1920,554.912334908578,-13.1998208875236,10.2431150480784
0,1944,552.987101398699,-13.1319879303999,10.4014084783455
0,1968,551.377149071593,-13.3514921518679,10.3904700083378
0,1992,549.305877593226,-13.7077474127634,10.6192521666871
0,2016,548.061394493103,-14.1488807043534,10.4519638865545
1,0,0,0,0
1,24,152.446144244246,-2.45293473274141,3.22171325957305
1,48,192.988679621157,-2.63913180936908,1.59674957458382
1,72,218.60773479336,-2.55616721810108,2.07262947890274
1,96,237.253620179324,-2.38429574436439,2.83621895362938
1,120,250.239586763125,-3.43635634415742,2.8637692693372
1,144,261.810060355981,-3.94761154046296,1.78136578406117
1,168,272.707910579714,-4.09360698209659,2.74972807220945
1,192,282.458378224125,-4.34685606875496,3.03766976838014
1,216,290.735948117803,-3.81921871486929,3.64863237885223
1,240,298.668655744774,-5.27140745920752,3.34504279601893
1,264,305.946576031203,-5.28910319318413,3.75509435823744
1,288,314.075133913521,-4.15293885798053,4.28954744860926
1,312,321.401199615759,-4.21044342229061,4.66991019337257
1,336,328.261290312693,-4.47243537169197,4.33189743267076
1,360,334.147254696156,-3.81310589056488,4.9218722695407
1,384,339.397545903377,-4.18667923815718,4.46440188148944
1,408,344.451407591379,-4.85017189051479,4.68218695431995
1,432,348.726966381843,-5.17599313485391,4.67132978907449
1,456,353.098343528955,-5.34167960384127,4.66655216044478
1,480,357.425254371334,-5.44874374975154,4.80913933090295
1,504,361.258725552722,-5.49882698822933,5.17060140855381
1,528,366.149265743059,-5.76364487663261,5.34327028391078
1,552,370.615985322109,-6.10197226826267,5.68219385889131
1,576,375.02144583542,-6.34916158502961,5.67734037964567
1,600,378.808831490789,-6.56243944665255,5.94333333563725
1,624,382.524425501605,-6.57113315432218,5.91293736767796
1,648,386.05799181288,-6.96515759673218,6.48217276687808
1,672,389.673598345672,-7.85039963950965,6.77284161105331
1,696,393.141020876964,-8.10336445234452,6.89265044778676
1,720,396.328022728306,-8.04645904959136,7.5804607111595
1,744,399.297863279173,-8.51774794461903,7.8565765504386
1,768,401.72463648669,-8.71069450072832,8.22066531904113
1,792,403.487609316862,-8.86094403487891,8.51749788928953
1,816,404.992514564271,-9.21467327018979,8.97561939798811
1,840,406.696058118081,-9.56087077052689,9.02502660966718
1,864,407.954995483441,-9.90869047640683,8.89096430507141
1,888,408.514353522581,-10.33134407164,9.52073885547691
1,912,408.074769217273,-10.7341353500569,9.36885708069667
1,936,407.04927797151,-10.7781773747832,9.54450990809153
1,960,406.63381217265,-10.9904584810619,10.2330717410714
1,984,406.305160899386,-11.1955031676596,10.2808931072918
1,1008,405.138501315245,-11.2049062698469,10.1832333574545
1,1032,404.193045870102,-11.9139134366006,10.4574408073113
1,1056,403.381567172157,-12.0254457874009,10.8922080778816
1,1080,402.034440570826,-12.0675346637424,11.2120265040562
1,1104,400.950590797538,-11.9869075440211,11.1180506388619
1,1128,400.259685630818,-12.5182189947718,10.7281600332431
1,1152,399.38092762245,-12.7813059381865,10.8163457313831
1,1176,397.571752726313,-13.0003493023198,10.7752874980868
1,1200,395.593899702345,-13.277348562721,10.865549856486
1,1224,393.979411941696,-13.3512816214361,10.8647472006448
1,1248,392.340955622885,-13.4549018332102,10.9420839910706
1,1272,390.620812982357,-13.7573188909905,11.2900038688299
1,1296,388.634782701212,-14.1894087277799,11.3088128790673
1,1320,386.845261949591,-14.7343266087919,11.3965371935033
1,1344,385.189668089527,-14.7356630407653,11.6295825421078
1,1368,383.909612466116,-14.9644048403227,11.4718812670103
1,1392,382.779473579461,-15.1512424723853,11.5264157327877
1,1416,380.999936388191,-15.3163551937016,11.6104550466534
1,1440,379.42218511597,-15.7375354039525,11.6247312476783
1,1464,377.807275755418,-16.1469650065978,11.7889760735668
1,1488,376.508170149007,-16.4494968306897,11.594746495038
1,1512,375.694721307927,-16.6316915132245,11.8208917533632
1,1536,374.612675036046,-16.9994002247929,12.0859731577004
1,1560,373.083730511559,-17.1651736949086,12.4597149376116
1,1584,371.854743991592,-17.3415850637509,12.8121419666109
1,1608,370.131230060134,-17.3454890126943,12.8110346123078
1,1632,368.465257545679,-17.2841253895256,13.105034044612
1,1656,367.491242030933,-17.5820594026286,13.2560498909183
1,1680,366.708534827532,-17.8235663542762,13.5866180163462
1,1704,365.635605944618,-18.1214075681382,13.9256893106483
1,1728,364.420276269103,-18.6583279686558,14.4516512713978
1,1752,362.720406674339,-18.7307410057315,14.370562354
1,1776,361.100504995091,-18.7128699332911,14.4038576600326
1,1800,359.510045354888,-18.6999994279179,14.6877129542909
1,1824,358.355207754428,-19.0193965579801,14.9195664613401
1,1848,357.62778892026,-19.2609725369414,15.009935527821
1,1872,356.221974466759,-19.4804810847954,15.0495022400248
1,1896,354.613326540939,-19.8523147760948,15.2131251282628
1,1920,352.958908426509,-20.0670518250338,15.2478487881604
1,1944,351.392103580466,-20.204715837933,15.3318254587721
1,1968,349.362660297396,-20.4570979886596,15.7349409529588
1,1992,347.725555781144,-20.3053698907829,15.928766809418
1,2016,345.847836287231,-20.3419161896097,15.9750340106546
2,0,0,0,0
2,24,146.786105825509,-1.37214753328695,0.896336820777115
2,48,186.947880360289,-1.49143544609056,0.672215233754322
2,72,206.555392659373,-1.6934904667723,1.75076467029645
2,96,218.414857745462,-1.76270759935386,1.83684718863202
2,120,229.075240795959,-1.59798025431901,1.87973795218056
2,144,239.659567250979,-1.47803998580468,2.12371145690844
2,168,249.026673511717,-2.0574478034126,1.91680046641028
2,192,257.126537895588,-2.27603216673447,1.95581091106081
2,216,265.340194282006,-2.62468381025286,1.74459867527926
2,240,273.384183487258,-2.92073861270444,2.02173913477472
2,264,281.009791025403,-3.47340751467192,2.51976417586224
2,288,288.895144394853,-3.60744563791053,2.84295490813685
2,312,296.227671739013,-3.69873936843265,3.08547910698104
2,336,302.576378663273,-3.89141396788216,3.1199991493823
2,360,308.736089906498,-4.08169695868492,3.47479539162595
2,384,313.803706567828,-4.11975432475884,4.21991360585866
2,408,318.330667141535,-4.52233449481128,4.70288022062186
2,432,322.0112318409,-4.58418931916219,4.97591059208446
2,456,325.952051588909,-4.79978125138706,5.20029099915348
2,480,329.506481068115,-5.05874464779794,5.29825807865581
2,504,332.703324846337,-5.60313733441632,5.81767553391524
2,528,334.167632958063,-5.94583809008839,6.0242429265187
2,552,335.104062577879,-6.13942470505185,6.16577230725204
2,576,335.805206188704,-6.58358656145799,6.42640865092244
2,600,336.578553855455,-6.58673519610409,6.65711263554613
2,624,337.525639091276,-6.88722784405468,6.96812305369986
2,648,337.835024530252,-7.32705420840296,7.51470019007218
2,672,337.852314567364,-7.42263055188357,7.49617594593917
2,696,337.174866891837,-7.70175942865137,7.71804078935361
2,720,336.163111945205,-7.76055527151811,7.8854326206922
2,744,334.890103813587,-8.0734656724369,8.32031659119139
2,768,333.521177883326,-8.27523280243508,8.78692359814136
2,792,332.194538957999,-8.2222090870772,9.2528696065101
2,816,330.517148324375,-8.46285926107305,9.3779610329824
2,840,328.656547589077,-8.81050434237193,10.017707922728
2,864,325.854849531625,-9.11690083986286,10.5516834904697
2,888,322.50639739803,-9.47931164961869,10.9769042587465
2,912,318.931377746562,-9.62305069212675,10.9645278360937
2,936,315.956667057753,-10.1041627584514,11.4985210693011
2,960,312.432539124455,-10.2432247744043,11.9555220689153
2,984,308.396609156818,-10.50351733632,12.172658453988
2,1008,305.123501260534,-10.7380819597498,12.4696390933061
2,1032,302.204032576893,-10.925001730701,12.5901875024574
2,1056,299.404163340956,-11.1428709711529,12.8011411559219
2,1080,296.351864820346,-11.3796804418557,13.2591790274164
2,1104,293.609719795218,-11.7453166195901,13.4026115655752
2,1128,291.323534292896,-12.1479210337243,13.6315575080553
2,1152,289.426981149537,-12.420037665926,13.8967819051859
2,1176,286.94154405841,-12.840320571486,14.2650094979572
2,1200,284.010645622255,-13.0862294465605,14.3748512884627
2,1224,280.870697883967,-13.7642290399783,14.9166684467327
2,1248,278.087651826651,-14.1102931817832,14.994020471861
2,1272,276.002989763173,-14.6292896902182,15.6291401521462
2,1296,273.233363865669,-15.0088282734773,16.2016423679781
2,1320,270.639900975468,-15.0034708500971,16.6001580205307
2,1344,268.057680530675,-15.4154457165835,17.0950640367082
2,1368,265.623244411039,-15.6250594892049,17.387217703515
2,1392,263.049131676948,-15.9630896391741,17.6877751306249
2,1416,260.680839817452,-16.0308385114968,17.9665639960094
2,1440,258.500760663265,-16.3730425299832,18.3995528279768
2,1464,256.51063993647,-16.6725873210778,18.7053903626017
2,1488,255.036908348566,-17.075895138217,19.2704867445916
2,1512,252.820061976947,-17.1535845335266,19.6790186335234
2,1536,250.829281151444,-17.4574170910114,19.7776678817058
2,1560,249.210211538021,-17.7603497699401,19.8589978618691
2,1584,248.127320740865,-18.0851958214751,20.0349364347219
2,1608,246.878584360446,-18.4322835408793,20.1787675031956
2,1632,245.494293629522,-18.8975118654057,20.4417960510066
2,1656,243.977710262897,-19.1029829389583,20.6199563674706
2,1680,242.734005073982,-19.3609504134492,20.9900990151573
2,1704,241.802927954018,-19.5519297695682,21.037687335182
2,1728,240.977332081007,-19.9532895251916,21.4094301907473
2,1752,239.719665032954,-20.180987003489,21.7159825688789
2,1776,238.336831685134,-20.7405533970327,21.9715534211655
2,1800,237.368262732325,-21.1767879866088,22.261152776422
2,1824,236.561250480141,-21.4685078641576,22.5789089279831
2,1848,236.041390893009,-21.7830390921586,22.880761317389
2,1872,235.207151828816,-22.2020334347699,23.1344818506113
2,1896,233.294186033707,-22.6420644201573,23.3183349234714
2,1920,231.360991717721,-23.2021451887858,23.5910890965079
2,1944,229.411921250224,-23.7628965785998,23.889074019007
2,1968,227.385755443212,-24.0836599606837,24.2600980102568
2,1992,225.372391980251,-24.3556413001377,24.554498027049
2,2016,223.303060619784,-24.6871669314885,24.8310624609105
3,0,0,0,0
3,24,413.126604231036,-3.36016134971858,1.72839433830234
3,48,543.015613327794,-2.76526416171464,2.11944688696234
3,72,616.674182625035,-2.18079261268447,1.87572324332581
3,96,657.407744481251,-3.83220418635528,3.15142235384647
3,120,681.422553519102,-3.35507493511021,2.65891814618625
3,144,698.802554032499,-2.98689330578404,2.79227515650902
3,168,710.684717151507,-3.00552001015413,2.81315484941157
3,192,717.688407839575,-2.94681237826467,3.55098768654014
3,216,719.932641391054,-2.9770734753715,2.86790764246527
3,240,720.365872455035,-3.4006411940762,2.79105350517261
3,264,718.408913806885,-3.46493288663157,2.61565586618968
3,288,717.669402842589,-3.19521777649646,2.29556511995401
3,312,715.469258206461,-3.09938068534035,2.58971643219547
3,336,712.915450733492,-3.43983706331511,3.00097322025545
3,360,708.814099879726,-3.02123754312015,2.82919391594476
3,384,703.228489921219,-2.93183766670552,3.72750594097022
3,408,698.911746899455,-3.24768034762036,3.96514552932996
3,432,693.031812500572,-2.88695082031211,3.98066612691923
3,456,685.913566669963,-3.13713570959078,4.83719520982589
3,480,677.550780191653,-3.23054128767268,4.79382762124266
3,504,668.852538146605,-3.75962610284472,5.88764772832889
3,528,660.913728973719,-3.98684826887757,5.69541444161689
3,552,653.852731485418,-4.08459618524955,5.59016360832368
3,576,647.822981185464,-4.49397395599578,5.85911676700937
3,600,642.646087707014,-4.6623372577094,5.82172219228084
3,624,638.649304975653,-4.88299441002334,5.50938458167559
3,648,635.018455200922,-5.91891070284521,5.44378203211534
3,672,631.432697697444,-6.47296433641543,5.64634469681585
3,696,628.361574993115,-6.7706444783272,5.84323522700231
3,720,625.600524416686,-6.63221235646711,5.65266978906755
3,744,623.474798354525,-6.40678455234695,5.9227939588634
3,768,620.902164712989,-6.16281343416074,5.66348171627067
3,792,616.424397044444,-5.78229584989492,6.15414419225749
3,816,611.971279229271,-6.29332889431089,6.72217164805011
3,840,608.067024186499,-6.49197679598274,6.71196829670646
3,864,604.218317920986,-7.15332043420415,6.58719800779022
3,888,599.978224311574,-7.26278072143339,6.89328718220941
3,912,595.218364589128,-7.15939288818595,7.03030683470627
3,936,590.989972897405,-7.40978398691811,7.21143439407149
3,960,585.743396143431,-7.7144327698619,7.33910286591254
3,984,580.892582176665,-7.4327510471619,7.74071666804468
3,1008,577.108474736437,-7.53233381966993,7.67381733786772
3,1032,573.129161081361,-7.91672230622157,7.99512300455149
3,1056,569.46801954396,-8.24831731066843,7.89892485036421
3,1080,567.626899067527,-8.70518258114976,8.00647469636829
3,1104,568.074437271142,-8.84356388312062,8.22928675087496
3,1128,568.209738559905,-8.76462598747457,8.26968511065365
3,1152,568.629583256322,-9.27297244919964,8.45160491485581
3,1176,567.958463452706,-9.46842494485327,8.5761937300756
3,1200,565.677983862268,-9.06227207444181,8.58622471813987
3,1224,562.985736031121,-9.49110708045032,8.74142586453127
3,1248,560.749408609335,-9.70535645250425,9.03996687017207
3,1272,560.291004586852,-10.0047835048147,9.19998526378004
3,1296,558.806646326937,-10.7533740049837,9.35503395285082
3,1320,555.694117569138,-10.7433917218507,9.23191372743076
3,1344,553.50480342788,-11.1792792322651,9.15845785096167
3,1368,551.57433714648,-11.6765553809662,9.31614959894819
3,1392,549.92602460489,-11.8947776161265,9.22249801235216
3,1416,546.667925621076,-12.0997455774502,9.3438840517797
3,1440,543.779232634813,-12.1425917317804,9.51359284846603
3,1464,542.058489294245,-12.4729904694382,9.28941371969245
3,1488,540.357909309975,-12.6390584709773,9.60722247468334
3,1512,538.042558800894,-12.9868513923711,9.8366475772259
3,1536,534.97650876657,-13.1060048698641,10.0263140450656
3,1560,531.82860431187,-13.5986227566018,10.4999034940163
3,1584,528.767008046686,-14.1393816812524,10.7093333009079
3,1608,526.312195828497,-14.3499672610249,10.5508594145731
3,1632,524.21374769164,-14.8931409711379,11.1067574617321
3,1656,523.739411892617,-15.2040800172581,11.5166025247561
3,1680,524.216256966332,-15.5306368852434,11.501439768592
3,1704,525.852400873516,-15.8004745691651,11.7542172742947
3,1728,527.186492277677,-16.2048521837801,12.3078924998763
3,1752,527.271134860815,-16.5633052096891,12.6318055380912
3,1776,526.497615691774,-16.4317538738105,12.6957387774112
3,1800,524.394567550823,-16.9014475916949,13.0971288546502
3,1824,523.367318146102,-17.5441509255013,13.138628524355
3,1848,521.831503813293,-17.8379192695932,13.9076830210756
3,1872,521.267918472277,-18.0283577368355,14.4785084133559
3,1896,519.88879731293,-18.2692741373642,14.5768821897709
3,1920,519.706931657736,-18.4834944045474,14.8247002058035
3,1944,519.521971201007,-18.5456134630911,14.7335469437044
3,1968,520.785540798553,-18.3307592536951,14.8123407324731
3,1992,522.168883830318,-18.6794333082028,14.8889949975899
3,2016,523.431536343563,-18.7943883504397,15.1470139397718
4,0,0,0,0
4,24,312.420043113246,-3.10509102113059,3.22890475251889
4,48,426.761733204311,-3.71691052418033,1.51377786431872
4,72,504.472875510012,-3.18903979344002,2.37240965257057
4,96,563.283158764494,-3.32372603237975,2.99526522846143
4,120,606.177960098672,-3.25554307033116,3.01218148690982
4,144,634.801993498582,-4.78005822255852,3.69246047384334
4,168,651.082591008887,-5.36938986915573,2.6111750514454
4,192,661.234440574099,-6.44380669790351,2.86244470125953
4,216,665.081045503275,-5.65209830937178,3.23305960639203
4,240,664.686268182229,-7.10955138601378,3.27108780745695
4,264,667.313631191086,-6.20244592206734,3.73872203011393
4,288,675.506092433472,-6.32399864315994,3.66768379465344
4,312,687.769140349589,-6.57289598179466,3.2428067619133
4,336,697.975042826904,-7.67832134923879,3.85848853338751
4,360,699.399749051627,-8.46252650895406,4.48538714489752
4,384,694.437322098715,-8.42697481120302,3.77861319235467
4,408,689.593408360702,-8.09548401306017,5.30659968117811
4,432,683.109469636829,-8.93392545887218,5.59162501149439
4,456,677.693353475112,-8.59651219737367,5.63956825306366
4,480,673.34175581068,-7.87231764296462,4.85391952127458
4,504,668.340475857294,-8.76621307337416,4.91004912656376
4,528,663.976149389656,-8.4819053943927,4.71982120753444
4,552,658.683444357657,-9.02719592338633,5.1816525432597
4,576,654.362902255554,-9.30236533479149,4.90254222505132
4,600,650.561609161614,-9.92712859680114,5.91026248545711
4,624,647.529185941952,-9.68204827131149,6.93228416979048
4,648,645.203045552114,-10.3273399205237,6.84795197113351
4,672,643.596171046199,-9.70846740992079,7.20303218208574
4,696,642.384367015568,-10.4968921071479,8.50407731906137
4,720,640.826595929315,-11.1852703332455,8.85829932841636
4,744,639.234920201601,-11.8017338374972,7.97688122498232
4,768,637.489640390826,-12.7556198083488,8.18381828449935
4,792,634.249646613913,-13.9706971442823,8.80001350216605
4,816,632.409593168453,-14.3786606582914,8.74484560730968
4,840,632.592563324767,-14.3879208298538,8.80405069062328
4,864,631.285023793127,-14.7217843563678,9.39318134524217
4,888,630.071442234998,-16.0799853854695,9.91225725406275
4,912,628.659175149445,-16.5036221756807,9.78202658630835
4,936,627.45219668985,-16.8576646006881,10.4802208210432
4,960,625.071161630387,-16.970856201261,11.058369090055
4,984,621.246377103267,-17.2922533748502,11.3143919919473
4,1008,617.326282162499,-17.8694570417663,12.2508474265733
4,1032,612.581016847501,-18.5355494069934,12.8015192840289
4,1056,608.881037499706,-18.7179691988679,12.4833525023814
4,1080,604.14915239366,-18.2961567775365,12.3201337029209
4,1104,598.736692010934,-18.2293005648089,12.4206063013128
4,1128,594.37317819547,-18.3650794095961,12.8563811301458
4,1152,592.161640185439,-18.3022653060323,13.1304765946109
4,1176,589.379586431925,-18.8092268685227,13.3424790705149
4,1200,584.518079766342,-18.9809085745756,13.135845245559
4,1224,580.746875437561,-18.9018797272033,13.3832538085719
4,1248,576.447021938846,-19.1689751757492,13.6379266075025
4,1272,572.759633785139,-19.7251734738134,14.0757921776437
4,1296,567.876721086082,-20.1284020855683,14.3292831848387
4,1320,563.04048621678,-20.3240916620412,14.6605290796876
4,1344,557.977867439932,-20.6053052488423,14.8384472232133
4,1368,552.882024897963,-20.9248096895838,14.9524045946782
4,1392,547.997934120642,-21.2869847151176,15.6019705884016
4,1416,542.597937278574,-21.3543951319787,15.9515097688852
4,1440,536.485524447278,-21.1880549055484,16.8307895765709
4,1464,528.924442907593,-21.392173976677,17.2132655890687
4,1488,521.850830430506,-22.5786703209183,17.9102385892752
4,1512,515.388656534113,-22.4407503255879,17.902931831565
4,1536,509.398384144586,-23.1742908528765,18.9843789391743
4,1560,505.122618793762,-23.9600624364075,19.4713694157056
4,1584,501.830229770581,-24.5934747627921,20.0314380494942
4,1608,498.016304810425,-24.6314355978702,20.6035634312173
4,1632,491.708936096755,-24.5920283413811,20.6558476351943
4,1656,485.488050215294,-25.1599955347197,20.8735015657317
4,1680,479.299789234448,-26.2126360451125,21.2316072745623
4,1704,472.883633867282,-26.3803915858875,21.2834376443866
4,1728,467.95543823425,-26.8307222187254,21.6293860327621
4,1752,463.590151132646,-27.155747087269,21.5580145007768
4,1776,458.237662068009,-27.3135677218697,21.9109329692551
4,1800,453.893038228795,-27.6123874475222,22.7672613828656
4,1824,449.479950053313,-27.7231533358802,23.3277420419436
4,1848,444.657937899736,-27.7846764782485,23.8996659972379
4,1872,438.887183501775,-28.0763258330826,24.4801461186937
4,1896,432.373458808742,-28.7310258150053,24.7784979965522
4,1920,426.317147401222,-29.1307488537921,25.4818975395624
4,1944,420.304200262235,-29.8916726719037,25.9184707122083
4,1968,414.247581037294,-30.5118433848966,26.2933170066938
4,1992,407.889988282238,-31.3762185031233,26.8640786867361
4,2016,401.4264399604,-31.4105160815147,27.0494602379085
5,0,0,0,0
5,24,298.181628318283,-3.40604451744947,1.41243350405495
5,48,470.117068698201,-3.97409558656367,1.1325718351124
5,72,601.864505013593,-2.68939922360784,1.53511646077433
5,96,709.093372751811,-2.50256245274788,3.00886674782835
5,120,794.006147776927,-2.39132963376026,3.29289555286394
5,144,866.108997073478,-2.10438348040194,2.84799832150389
5,168,928.639690856954,-2.85281870839384,2.48147531599511
5,192,979.966132598739,-3.32080372597733,3.49264705194975
5,216,1023.31234393683,-4.21184799768716,3.76326659408647
5,240,1061.27103513491,-4.92547667439061,3.34926876142936
5,264,1094.03018466965,-4.58794668546454,3.39034522522223
5,288,1123.55064643268,-5.06787450346155,3.95846829973777
5,312,1150.18881181635,-6.03290726587687,3.54641099786693
5,336,1173.89035602147,-6.69285144349413,2.91909776498852
5,360,1193.96029399378,-6.99215912064273,3.02704374185919
5,384,1212.40698576177,-7.46501420676066,3.51556328492563
5,408,1228.06423458463,-7.98182158209505,3.55216133755249
5,432,1241.47357357345,-8.19395694816114,4.54483144975018
5,456,1253.44689617503,-7.7444593686339,4.49330531791543
5,480,1264.10905468193,-7.89333422742777,4.58728794189574
5,504,1273.85742534755,-8.35933926975679,4.90594447140302
5,528,1283.06686445268,-8.7479377996807,4.76718017365192
5,552,1290.71165728429,-9.29022767831589,4.8513059925308
5,576,1296.05336875845,-9.63107117980462,4.62501027092026
5,600,1299.69132603683,-10.0690433324628,4.40727803828008
5,624,1302.16274093292,-10.0058061642242,4.35833384665364
5,648,1304.71345747264,-10.1239861568885,4.501485760268
5,672,1307.06555247447,-10.8838290913568,4.63224233193239
5,696,1309.12914493938,-11.0286086381387,4.59312566353219
5,720,1310.36436975522,-10.936710572562,5.19609198965884
5,744,1311.26784789413,-10.8887870608019,5.76852038822778
5,768,1312.17045419872,-10.7025412779111,5.91693735715387
5,792,1312.52226196497,-11.1334969268004,6.44849742269741
5,816,1311.5968548692,-11.7985058850339,6.93327998211146
5,840,1309.1065558088,-11.7466215820408,6.9403030326564
5,864,1305.92572308353,-11.4132141915295,6.87906009551602
5,888,1302.66926611573,-11.8125603878982,7.09449510996001
5,912,1299.31172560569,-11.9989134302783,7.52556288420624
5,936,1296.20773355126,-12.1776700075528,7.76448543026584
5,960,1293.46889800434,-12.6658661534248,7.74454013355751
5,984,1290.12547127722,-12.8214395676548,7.97101929444455
5,1008,1285.9506346329,-13.0355151603884,7.71314909310263
5,1032,1282.07663964194,-13.7830626312564,7.78789827679475
5,1056,1278.50947322923,-13.6716703584777,7.87876095212209
5,1080,1274.42266263953,-13.2905192579026,7.83215094878983
5,1104,1270.18609312674,-13.8417772432276,8.10356136271139
5,1128,1266.15682245717,-13.9364828867338,8.82623581635971
5,1152,1262.46151387396,-14.4043949299744,9.36504485010437
5,1176,1258.61256306468,-14.5995743189312,9.79363910242273
5,1200,1254.35063908155,-14.9978679540441,9.86611178807334
5,1224,1250.00027538979,-15.2297844282505,10.0425418956952
5,1248,1245.31537776072,-15.4374650475104,10.6037818818602
5,1272,1240.1755958614,-15.4065021996787,10.783036502289
5,1296,1234.9207912632,-15.6967031811478,11.0180210348508
5,1320,1230.15780096035,-15.8738720073027,11.1838524806494
5,1344,1226.02300142855,-16.2639264980398,10.6688079526268
5,1368,1221.60128647282,-16.6158365279366,10.9519047039946
5,1392,1216.89943204328,-17.0632518886407,11.1787794616184
5,1416,1212.94509377263,-17.4474915920327,11.3549277594939
5,1440,1209.08062776375,-18.21558315927,11.7977798930108
5,1464,1206.08044538197,-18.4150627207378,11.787789157293
5,1488,1203.37363891478,-19.1813040931636,11.686541800264
5,1512,1200.82730557668,-19.3242062710351,12.0635279554365
5,1536,1198.28089477509,-19.8416048765605,12.0026681699831
5,1560,1195.50450644637,-20.2912240229252,12.2537314462304
5,1584,1192.60973544767,-20.7146569722804,12.6014085658705
5,1608,1189.85720605948,-21.1135106044892,12.6909918404169
5,1632,1186.77817405195,-21.2694551799032,12.6045771551346
5,1656,1182.80934507671,-21.4774012870796,12.623454320269
5,1680,1178.16289220669,-22.0195145942225,12.8907020132185
5,1704,1172.3854973208,-22.0274675086039,12.848793025476
5,1728,1166.14414129439,-22.4727166189866,13.251163799488
5,1752,1159.91369312295,-23.0526600411856,13.553514687444
5,1776,1153.7441146779,-23.1810103957284,13.5685519435103
5,1800,1148.0320856204,-23.5186205925561,13.8490441896909
5,1824,1142.14692204076,-24.0318140178483,14.3449146270993
5,1848,1136.69497593103,-24.5008012799467,14.7694786960292
5,1872,1131.97360815017,-25.1456279756092,15.1321696416146
5,1896,1127.54575120238,-25.1956116745707,15.1199299418604
5,1920,1123.68453407682,-25.3853251807534,15.013974229189
5,1944,1120.59125253304,-25.6920364623688,15.3680321890797
5,1968,1117.50164864,-26.0882879333233,15.2584818293551
5,1992,1114.59550276896,-26.414687969982,15.8098379909181
5,2016,1110.90588613284,-26.8999895491991,16.0629644338915
6,0,0,0,0
6,24,183.63972161378,-2.057723425733,0.932625725173025
6,48,252.732561885512,-2.38369218775873,0.425715283976771
6,72,305.63675223575,-2.18646382140759,1.55190594872546
6,96,353.565458991092,-1.45183963812653,1.71880765412654
6,120,397.902931902124,-1.60250912754658,1.82968307454288
6,144,438.836544768727,-1.82141452398221,2.00980922521833
6,168,478.197949804554,-1.91330757912831,2.23958676786492
6,192,513.907382484995,-1.72408798366635,1.89555063380311
6,216,547.600365667625,-2.03658444342233,2.15394595810272
6,240,580.767145949597,-2.14500705434307,2.24522645076948
6,264,615.289662176007,-2.47834615815458,2.63064103825531
6,288,649.197528331002,-2.74056178131246,2.58342780892428
6,312,681.574958197711,-2.92945950166853,3.05055895650463
6,336,711.524478017275,-3.19471542887101,3.70381459876262
6,360,739.734813252025,-3.75453664757271,3.94979033015613
6,384,767.958729132548,-3.7085389325153,4.16832842134409
6,408,795.252546174247,-4.10332758749541,4.62090086953521
6,432,822.780836861714,-4.46422706684143,4.76671671742071
6,456,850.079561188197,-4.74960281532634,5.31888694437004
6,480,875.891404655684,-4.75407302715843,5.47737017558035
6,504,900.651218918407,-4.72721709592372,5.57342928653424
6,528,924.736970813541,-4.78767080734565,5.76640402928922
6,552,948.389407352847,-4.76422905070137,6.40202265860489
6,576,972.070130556257,-4.95888779370557,6.42601846875539
6,600,995.977457978861,-5.45676888899425,6.3677315442734
6,624,1019.76855278863,-5.82947146592585,6.76947712716253
6,648,1043.28890394922,-6.05186515748505,6.71359506233478
6,672,1066.08945589142,-5.95417126033453,6.60590890388039
6,696,1087.79639016924,-6.33531875043775,6.69261119697774
6,720,1107.53889264852,-6.93197910885317,7.03152265588096
6,744,1127.17334504827,-7.48813935321436,7.42099559886651
6,768,1146.25695417783,-7.99200136144032,7.87293433474383
6,792,1163.78687796696,-8.43052635174263,8.20536948278482
6,816,1181.26467421229,-8.71960987251134,8.35281280730226
6,840,1198.17279453761,-8.81668969428449,8.97015172665465
6,864,1215.31327348707,-9.19992468851433,9.08748388879508
6,888,1233.39700914179,-9.50800847277651,9.2819638624693
6,912,1251.65717564196,-9.69810122899594,8.99481777819949
6,936,1269.18828733156,-9.79365053365586,9.13139617661898
6,960,1286.1467804226,-10.2673334180289,9.74481442828755
6,984,1302.58056427756,-10.015652668515,9.70254086716182
6,1008,1317.97414233878,-10.0852116790285,9.98416354297501
6,1032,1333.1980100961,-10.140796588119,10.1885761462272
6,1056,1348.6818072971,-10.3045278179509,10.3913613642098
6,1080,1363.97901138172,-10.5686100640976,10.5566913237581
6,1104,1379.64019679964,-10.8107586678343,10.7820698974474
6,1128,1394.35357374338,-11.0769736020982,11.0165388355049
6,1152,1408.15706446029,-10.9676055925784,11.6476488047138
6,1176,1421.70280277022,-11.1355945731336,11.6121467652224
6,1200,1434.60678327873,-11.4263860650847,12.0954369520089
6,1224,1447.89036394611,-11.8146944399957,12.3748224694411
6,1248,1461.13167720758,-12.145418600375,12.7307601565738
6,1272,1473.70240742853,-12.2365954066286,12.9386077478048
6,1296,1485.9846623347,-12.4340477805945,13.2928544163037
6,1320,1498.7189950527,-12.9243808313106,13.5970298951024
6,1344,1510.47012057242,-13.2729502110046,13.9546550697594
6,1368,1521.43809471398,-13.2485173734979,14.3263233467144
6,1392,1532.81858646708,-13.3533686458618,14.5710579372076
6,1416,1543.96865931086,-13.7153069133963,15.0240340079743
6,1440,1555.05587458173,-13.9333281129398,15.4193059902286
6,1464,1565.89806713609,-14.2390974510874,15.44491162599
6,1488,1576.01029364026,-14.944316299637,15.6718739096796
6,1512,1585.85578939476,-15.1300379053362,16.04702356296
6,1536,1595.4732269127,-15.053252034907,15.9125608766822
6,1560,1604.75884845521,-15.3390750566657,16.1827467846738
6,1584,1613.87903333908,-15.5857586979587,16.5791406404369
6,1608,1622.88203786774,-15.7501013692881,16.939948680144
6,1632,1631.75864446511,-15.9980124290958,17.1186923101116
6,1656,1640.36975065802,-16.2570251750165,17.759145221889
6,1680,1648.60664595968,-16.5382069689456,18.0505539189842
6,1704,1656.69896398562,-16.7988628921671,18.1474605856065
6,1728,1664.45565710385,-16.8647773442667,18.4328586267125
6,1752,1671.72318449387,-17.115881174793,18.8393130317186
6,1776,1679.16851001539,-17.3222701538868,19.3879428678124
6,1800,1685.98618824837,-17.6321464183764,19.5752078346259
6,1824,1692.70901909521,-17.6605893231181,19.7988631856626
6,1848,1699.34034501885,-17.9038166895734,20.1128225583386
6,1872,1705.79547427718,-18.2086647960414,20.161674175409
6,1896,1712.68470518871,-18.4859143581216,20.3581295074596
6,1920,1719.25385706395,-18.7119026445057,20.4303950104265
6,1944,1726.12034568041,-19.2551120717144,20.7820761294604
6,1968,1733.07247648994,-19.7216102941002,21.2362024727474
6,1992,1739.84997277115,-20.0221420955743,21.6232083848536
6,2016,1746.53050957944,-20.4355784829743,21.8472955312209
